"x","y","wifi","4g"
-6.1858351419767565,-7.216737625021487,2.31,14.5
-6.1858351419767565,-7.216737625021485,4.69,15.4
-6.1858351419767565,-7.216737625021486,3.33,16.3
-6.1858351419767565,-7.216737625021486,1.20,18.8
-6.1858351419767565,-7.216737625021486,4.60,20.8
-6.1858351419767565,-7.216737625021486,1.32,21.0
-6.1858351419767565,-7.216737625021486,3.55,21.1
-6.1858351419767565,-7.216737625021485,1.59,21.1
-6.1858351419767565,-7.216737625021487,4.14,21.3
-6.1858351419767565,-7.216737625021487,3.09,22.0
-6.1858351419767565,-7.216737625021486,1.31,22.2
-6.1858351419767565,-7.216737625021486,4.82,22.2
-6.388004346128202,-7.207738711132307,1.39,22.3
-6.691737294816869,-7.023883126253016,2.23,22.6
-6.8680563124940495,-6.685927161250905,1.69,22.6
-8.277152671365833,-4.8682113374554365,1.89,22.9
-8.424958389098082,-4.649763650435661,2.69,23.1
-8.383205101405606,-4.5194370413089135,2.65,23.5
-8.384071065130188,-4.517610097014119,2.91,24.1
-8.384071065130188,-4.517610097014119,2.72,24.5
-8.367283313625366,-4.465433210231083,3.22,24.6
-8.253161465712253,-4.39440061147857,1.85,24.8
-7.909389758430013,-4.214984112411445,2.62,25.0
-7.798848863480764,-4.082326204015546,1.44,25.3
-7.790366843305938,-3.8166304338782933,1.42,25.5
-7.938480877364392,-3.4519975964747607,3.77,25.5
-8.149682783385439,-3.136416844775253,5.00,25.8
-8.39882595280724,-2.8339540283828786,1.24,25.9
-8.627182940780509,-2.5320943773385505,4.87,25.9
-8.788399309424811,-2.20119870374584,2.69,26.0
-8.767469835024038,-1.8253766256817432,4.89,26.1
-8.784209080708202,-1.428136282667655,33.0,26.1
-8.868744710864334,-1.0669838240895126,6.04,26.1
-9.089731645847607,-0.800085516597516,2.85,26.2
-9.508235228241361,-0.8857070310405541,5.39,26.3
-9.631796241818323,-1.273659651068897,3.03,26.3
-9.619641775127388,-1.7068756763704416,7.13,26.4
-9.615733198157361,-2.106339325833579,5.51,26.4
-9.633498845739005,-2.5047302121388553,3.11,26.5
-9.706662772968816,-2.8931497037248137,8.84,26.7
-9.910386062884387,-3.245968959554121,4.56,26.7
-10.174333469358055,-3.511894719023596,4.82,26.7
-10.530274342888548,-3.6888195359467506,2.68,26.8
-10.904185724792375,-3.856514252851456,2.70,26.8
-11.2638277294308,-3.9830185283464896,5.24,26.9
-11.64471285842668,-4.121348024707929,5.91,27.1
-12.001921731267847,-4.212882053252573,3.10,27.2
-12.36462793437547,-4.180487735491619,2.95,27.3
-12.449744339286655,-4.065468556965023,2.50,27.4
-12.30880275806477,-3.711846879224262,3.14,27.4
-12.087836520049631,-3.4890112499070343,2.94,27.5
-12.042133570905344,-3.350820293333106,1.68,27.5
-12.015298969725727,-3.5503625416079307,3.32,27.6
-11.97030631950915,-3.520980134515286,3.61,27.6
-11.63800413490898,-3.414745620769616,4.67,27.7
-11.261373645312075,-3.328277441122875,11.1,27.9
-10.888294545744944,-3.251597965986634,2.60,27.9
-10.520487721936403,-3.1593396461351615,11.3,28.0
-10.164714863215547,-3.0333222486554874,3.09,28.1
-9.83489606137027,-2.85696863796652,3.24,28.1
-9.68601395206342,-2.5393218531616615,1.54,28.1
-9.783432340145328,-2.1841533841782628,3.14,28.1
-9.926166012863364,-1.820292506015547,2.98,28.2
-10.214237503649425,-1.5496979942320843,4.17,28.2
-10.543622530530167,-1.281892515589564,3.85,28.3
-10.878583244768675,-1.0702925590502348,21.7,28.4
-11.166473961017283,-0.8434223504794423,89.7,28.4
-11.506856645127575,-0.6809519183551567,3.28,28.5
-11.899600187607625,-0.6112365416347822,2.31,28.7
-12.287377164081953,-0.623658183507307,14.8,28.7
-12.684116018307861,-0.6780345178559637,25.0,28.8
-13.028550080924987,-0.49478600662010486,4.95,28.8
-13.087838020980456,-0.38895084349822806,3.12,29.0
-11.908472332568651,0.13857574465025735,1.69,29.1
-11.908472332568651,0.13857574465025735,1.86,29.1
-11.697264413531036,0.18541958034033001,1.58,29.2
-11.33079958772545,0.29254601634953215,2.97,29.2
-10.969905342139528,0.46578938874032616,1.48,29.2
-10.75257845352233,0.7538575312980056,6.04,29.2
-10.701889083648727,1.1281981896477733,1.43,29.2
-10.770190504080336,1.4921740615246586,8.29,29.2
-11.058591052817418,1.7844800998751484,3.51,29.2
-11.387238777189117,1.926694793039922,3.90,29.3
-11.832514799012886,1.8025623510040374,2.13,29.3
-12.156140944149707,1.720577399058663,4.08,29.3
-12.485206142140813,1.6607065772401128,148,29.4
-12.844560279483213,1.5054296494933794,3.93,29.5
-13.230778077388305,1.4660375245852473,9.32,29.5
-13.561674060056358,1.3014669835428867,35.1,29.5
-13.91798899153123,1.09535710267064,68.6,29.5
-14.26997076030587,0.894977101003013,57.8,29.5
-14.166934312703459,0.9558820885422561,1.42,29.6
-13.927381797290206,1.052192195052795,1.37,29.6
-13.653156506795579,1.1701897219207327,1.41,29.6
-13.386952102043598,1.253465741588025,3.66,29.6
-13.159463691050629,1.4132559313542385,1.46,29.7
-12.922760540780889,1.53600694563261,1.26,29.7
-12.688174488713567,1.6233268537300916,2.88,29.7
-12.444824500596058,1.7704626080149968,2.82,29.8
-12.206147295651196,1.8578535063771344,1.29,29.8
-11.921607589387486,1.926763614765325,2.88,29.8
-11.662494246609077,1.9936671166634508,2.95,29.8
-11.373578946022153,2.05218537516253,2.86,29.8
-11.149579674976865,2.059566008139223,4.27,29.8
-11.016652983333593,1.9562127369190776,3.21,29.9
-11.101972763109764,2.294403365554696,2.57,29.9
-10.94952853126964,2.595263017243079,2.59,30.0
-10.776788096461612,2.9202919789476365,3.43,30.0
-10.7226574089343,3.2252892938130873,2.74,30.0
-10.711234273098711,3.494659599187523,2.86,30.0
-10.689144095180549,3.851371025645531,1.33,30.0
-10.860201141333514,4.159478266650429,2.83,30.0
-10.956950582192501,4.295954956128469,1.35,30.0
-10.977745600171136,4.321960894892037,2.80,30.0
-11.07931750673547,4.348206690153646,1.91,30.1
-11.147816722351113,4.361290271278934,2.83,30.1
-11.046669733502425,4.372881187687478,2.88,30.1
-11.043778022922242,4.373122843909027,2.89,30.1
-10.987862104176259,4.399035033230422,3.33,30.1
-11.003098691251488,4.437055398712081,2.59,30.1
-11.015917486089805,4.416680633119817,3.15,30.2
-10.93202727133831,4.316519810670409,2.57,30.2
-10.719201966458943,4.011256674059531,2.58,30.2
-10.54218538922568,3.6489786163397517,2.94,30.2
-10.45910124021634,3.2732960452116022,2.78,30.2
-10.5430267391292,3.078670979764129,2.95,30.2
-10.553763713947193,3.0938594131393993,2.71,30.3
-10.547682740412723,3.0954144836964,3.41,30.3
-10.547756962306298,3.076458692306881,2.65,30.3
-10.53706863202829,3.0748323275965004,2.80,30.3
-10.523654985038885,3.0615151700811425,2.78,30.3
-10.272854717930366,2.753290746376016,5.06,30.3
-10.067057550416944,2.46307031660346,1.39,30.3
-9.776363447466078,2.2244062212118227,2.88,30.4
-9.464090256741787,2.0576069556953023,1.34,30.4
-7.269211984647828,3.4312338295711813,7.24,30.4
-7.480283993615251,3.704846675383317,2.90,30.5
-7.632697464915562,4.04281633148977,3.07,30.5
-7.814677533488071,4.374623226651927,2.82,30.5
-7.898102821224428,4.763674387549019,2.99,30.6
-8.037352680986933,5.002573476174515,2.90,30.6
-8.27843883561926,5.2619895347220345,2.60,30.6
-8.284691627341351,5.26281070159372,5.95,30.6
-8.368972207780953,5.266735389192515,1.18,30.7
-8.282843306455677,5.029184152746996,2.63,30.7
-8.186440516132244,4.697500132793998,2.84,30.7
-8.001744357798096,4.334432800408878,1.33,30.8
-7.808768947674967,3.9943145913959865,2.82,30.8
-7.6134245788561365,3.6286460887446155,2.85,30.8
-7.501450821213478,3.2347820994360967,3.24,30.8
-7.452998121345164,2.8149410374197315,2.97,30.9
-7.634152911121697,2.4907396976785003,2.82,30.9
-8.145777236160923,2.1400126490998135,2.96,30.9
-8.2857669041993,2.0294776595652877,2.67,31.0
-8.63830699972892,1.8621214243467215,2.94,31.0
-9.018331335238209,1.8615406284906593,2.85,31.0
-9.376711178983486,1.7190860185297696,2.54,31.0
-9.728248239261664,1.561315154204535,2.74,31.0
-9.982313781139489,1.285624151356214,2.60,31.0
-10.131523985638276,0.9514851621659952,2.62,31.0
-10.134158670542933,0.5667793068979021,3.19,31.1
-10.058139846908642,0.17948404287718667,2.94,31.1
-9.971170275584077,-0.16171838561464646,3.28,31.1
-9.882777076756648,-0.5292165757958216,1.42,31.1
-9.684768216530003,-0.8475522068578218,2.77,31.1
-9.528095454869634,-1.1904617624594351,2.86,31.1
-9.413619196767065,-1.555048152322633,2.90,31.1
-9.216221056135302,-1.8784587382867013,2.86,31.2
-9.021337890650898,-2.2039987828018806,3.22,31.2
-8.850793163029888,-2.4334346351973517,1.33,31.2
-8.791588552824663,-2.580922949146795,2.87,31.2
-8.741406984338733,-2.651931616760617,2.58,31.2
-8.602856921187295,-2.7517857968912978,2.74,31.3
-8.378721580429517,-2.8864769874363523,1.38,31.3
-8.044104244824474,-3.0695548823837644,2.85,31.3
-7.887403984131043,-3.2801936691577893,1.22,31.3
-7.770517147960365,-3.5391240366664327,3.09,31.3
-7.785469931765454,-3.458993900950489,2.71,31.3
-7.8508438914402845,-3.3011471317819243,2.79,31.3
-7.832803163553224,-3.4079024748948763,2.60,31.3
-7.7270492235254755,-3.6160841075297174,2.80,31.4
-7.695393483024885,-3.9249418170003567,2.78,31.4
-9.491461478075761,-5.362609247847254,3.43,31.5
-9.847104707468095,-5.476241860540954,3.29,31.5
-10.212687356887635,-5.641095160555606,2.83,31.5
-10.558104595543488,-5.782539593548562,3.12,31.6
-10.932681419215191,-5.931351875989726,2.84,31.6
-11.230391286210274,-6.046118200932604,2.84,31.6
-11.320547823323583,-6.086323061590404,2.88,31.6
-11.681771896046527,-6.281285495444643,2.94,31.7
-12.02271123877504,-6.420857395569785,3.09,31.7
-12.209395322798066,-6.7170419146706095,3.06,31.7
-12.163345181311128,-6.877643652687931,2.17,31.7
-11.963768887197991,-7.248083882563312,3.12,31.7
-11.876140958011012,-7.3259212400919385,3.00,31.8
-11.833506609064385,-7.320008173071612,2.64,31.8
-11.476870515948278,-7.231320480292739,1.64,31.8
-11.091493375405632,-7.155900155210036,3.29,31.8
-10.623972850714555,-7.147405541866139,2.93,31.8
-10.323341407869842,-7.355180838182854,2.97,31.9
-10.179067666945475,-7.71643249070938,4.35,31.9
-10.299510800047404,-8.06994052470186,3.03,31.9
-10.545419653440828,-8.35152126689253,3.64,31.9
-10.823364331866276,-8.591788212566762,1.30,31.9
-10.88521588488755,-8.739472341110952,3.16,32.0
-10.804122075663097,-8.940882581294886,3.92,32.0
-10.698933572957776,-9.003276420732165,2.87,32.0
-10.387602720760896,-9.029535974266,2.60,32.0
-10.020857838419177,-8.885344521145207,1.41,32.0
-9.677064935574453,-8.71662655802629,2.67,32.0
-9.356321671322746,-8.505620904953076,1.37,32.0
-9.01625695124985,-8.322481160467248,2.93,32.0
-8.679681068732634,-8.12178533364501,1.11,32.0
-8.400530190266068,-7.879305536747908,5.11,32.1
-8.11317598658043,-7.621328663740701,1.35,32.1
-7.778287705445554,-7.420274331548971,2.67,32.1
-7.39008313103761,-7.307448905197842,3.16,32.1
-7.014057731446946,-7.3641033996480765,3.17,32.2
-6.637796658001201,-7.45058358376061,2.91,32.2
-6.299184545968032,-7.618746916479645,2.87,32.2
-6.080522011112063,-7.928846550022698,2.86,32.2
-6.071732215576661,-7.963102695162744,3.19,32.3
-6.071891354250866,-7.962882472788035,2.57,32.3
-6.070768631273234,-7.963130002189054,2.38,32.3
-6.070768631273234,-7.963130002189054,2.97,32.4
-6.070768631273234,-7.963130002189054,2.52,32.4
-6.070768631273234,-7.963130002189054,2.85,32.4
-6.067770131736625,-7.960731933178668,2.92,32.5
-5.981596343854696,-8.086120674473076,1.25,32.5
-5.946568028802208,-8.129124092652168,3.31,32.5
-4.487072428245261,-10.717429432680564,2.56,32.5
-4.369485373837104,-11.079573552658264,2.60,32.5
-4.27146029668001,-11.450043310736277,2.77,32.6
-4.1630121728709515,-11.84845711419125,3.61,32.6
-4.096300053387304,-12.227590691019858,3.32,32.6
-4.094816933458709,-12.604352037693962,12.1,32.6
-4.179044426761161,-12.985983213409511,3.74,32.6
-4.371822195709134,-13.308765267746793,4.07,32.6
-4.532106157642719,-13.460819993204883,3.28,32.7
-4.9089050499026525,-13.565552307066486,3.68,32.7
-5.22687492504706,-13.506890483813986,4.74,32.7
-5.556990757936515,-13.302704233419913,3.26,32.7
-5.950850355036284,-13.168573117082978,3.27,32.7
-6.324470927281503,-13.161970178676476,3.25,32.7
-6.336915990551584,-13.165819024534928,3.30,32.7
-6.216525372535456,-13.129673924538018,2.59,32.8
-6.297976650223207,-13.18194711091816,3.04,32.8
-6.158751205821424,-13.071966044186052,1.29,32.9
-6.129764985423021,-13.039499757466917,3.21,32.9
-6.090359213607227,-13.02350157818686,1.34,32.9
-6.02018629303533,-13.05915797818755,3.55,32.9
-5.884764125388365,-13.054370064901194,1.34,32.9
-5.753039118575009,-13.139655829870668,1.41,32.9
-5.678784745936666,-13.164778592983954,3.26,33.0
-5.6147532207858575,-13.236052966234736,1.33,33.0
-5.4679183516249985,-13.326790867302964,2.79,33.0
-5.12528978415483,-13.484682601048494,4.00,33.0
-4.757308699777047,-13.44063317209074,1.76,33.0
-4.441974773164402,-13.349163918741606,4.24,33.0
-4.029504394700723,-13.349300548761011,2.91,33.0
-3.681299301715857,-13.488705822445091,4.88,33.1
-3.403546692010718,-13.71848341731432,2.89,33.1
-3.180288756725613,-14.042500699396015,1.53,33.1
-3.1992422013186914,-14.426921272418564,3.77,33.1
-3.436551168495239,-14.714078856394709,3.56,33.1
-3.720894507898708,-14.916045940531884,1.39,33.1
-4.086196124938685,-15.131436655522585,5.39,33.1
-4.441862428621168,-15.309594429807085,3.28,33.2
-4.763140337164545,-15.466416741568663,3.29,33.2
-4.772681382883824,-15.47366589614656,3.36,33.2
-4.768977216374636,-15.47252535907408,4.31,33.2
-4.768977216374636,-15.47252535907408,4.35,33.2
-4.772326126230024,-15.47212240046239,4.83,33.2
-4.771069515101902,-15.472273602584124,3.80,33.2
-4.771383330359349,-15.474881659535754,2.94,33.2
-4.771383330359349,-15.474881659535754,2.99,33.2
-4.771383330359349,-15.474881659535754,1.67,33.2
-4.771122377098391,-15.472712928251525,3.97,33.3
-4.771122377098391,-15.472712928251525,4.44,33.3
-4.771122377098391,-15.472712928251525,3.26,33.3
-4.769254266799462,-15.471174921694391,3.24,33.3
-4.771311952646976,-15.47122353535632,3.29,33.3
-5.16855274516913,-15.660040806901211,3.29,33.3
-5.495419710459931,-15.85042733173869,3.86,33.4
-5.852076760686666,-16.045680131934596,3.12,33.4
-6.195360250041915,-16.208992559073387,5.80,33.4
-6.543661625374066,-16.367182533733843,3.35,33.4
-6.913093559825047,-16.51997265286626,3.29,33.4
-7.0699859956176585,-16.578954327876268,3.08,33.5
-7.081527566757039,-16.584258036154726,3.08,33.5
-7.194901878674198,-16.63504142449913,2.79,33.5
-7.281460823150923,-16.74369043188321,1.19,33.5
-7.287072818368977,-16.892160033959968,4.83,33.5
-7.191638665183833,-17.00549100162139,5.67,33.5
-6.825785010213358,-16.969082244112712,1.34,33.5
-6.456066807597544,-16.850372934513224,3.61,33.5
-6.1148922014476,-16.688237702560304,3.48,33.5
-5.766877221560474,-16.500450309911926,3.30,33.6
-5.417112407141497,-16.30831492025292,3.35,33.6
-5.093476546442857,-16.13272185989249,3.91,33.6
-4.7660827723790264,-15.92828547771514,3.33,33.6
-4.426337437121272,-15.748589185187319,7.10,33.6
-4.048258616035967,-15.568604805708274,4.48,33.6
-3.7340154359829527,-15.330836850983932,3.66,33.6
-3.4234701950112045,-15.057552359564808,2.96,33.6
-3.1381180805102082,-14.804590392808066,4.41,33.6
-2.8332975627029664,-14.544172885722016,2.91,33.6
-2.488329402649549,-14.291087748586957,3.37,33.6
-2.1500933779734708,-14.230149744860153,3.90,33.6
-1.7708035114160192,-14.16006518118498,3.88,33.7
-1.5626122444622377,-14.119229874484803,3.53,33.7
-1.5349798444995466,-14.107741060467799,14.7,33.7
-1.1861235168828204,-14.055906070194153,9.62,33.7
-0.8299480058722795,-14.119928923805821,3.27,33.7
-0.6127140576800003,-14.352274813966964,4.54,33.7
-0.5014515795352796,-14.716400809020325,3.24,33.7
-0.5041029904626271,-15.08382156269997,14.6,33.7
-0.6048709504285212,-15.419051868748443,2.91,33.8
-0.9033575712933244,-15.659898883638641,2.60,33.8
-1.2393377804850454,-15.817357130250961,2.51,33.8
-1.3301819005488391,-15.917483756817429,2.94,33.8
-1.3301819005488387,-15.917483756817429,3.30,33.8
-1.3301819005488391,-15.917483756817429,1.51,33.8
-1.3301819005488391,-15.917483756817429,4.01,33.8
-1.3301819005488396,-15.917483756817429,3.32,33.8
-1.3301819005488391,-15.917483756817429,3.47,33.8
-1.3301819005488391,-15.917483756817429,1.32,33.9
-1.3301819005488391,-15.917483756817429,3.19,33.9
-1.3301819005488391,-15.917483756817429,4.45,33.9
-1.3301819005488396,-15.917483756817429,3.83,33.9
-1.3780690633478905,-15.94450284846075,2.50,33.9
-1.3802629333350942,-15.937016847421159,5.18,33.9
-1.3804242512019278,-15.939126891211288,3.96,33.9
-1.4192188948288145,-16.03538480163811,4.69,33.9
-1.3072094827468197,-16.415073482910074,6.56,34.0
-1.1315538742245268,-16.754591612441537,5.78,34.0
-0.860475719221407,-17.067777047971056,3.40,34.0
-0.4593763121140726,-17.08999940661128,4.48,34.0
-0.09697921929916342,-16.99897086154994,1.90,34.0
0.2224122257247787,-16.81326868568084,3.29,34.0
0.5841139898195573,-16.856823878439346,2.78,34.1
0.7611088889189865,-17.132072357311635,2.87,34.1
0.9815776792784225,-17.46112563120887,1.57,34.1
1.2332971589870132,-17.80233032381602,3.47,34.1
1.4467446289046588,-18.11790372223561,2.94,34.1
1.6714168049538873,-18.438252533039183,2.93,34.1
1.8772048230019438,-18.758848616251647,1.36,34.2
2.084031510605791,-19.086147646195222,3.24,34.2
2.2905658097472545,-19.40562152805979,4.40,34.2
2.4951362603931857,-19.73889061280434,2.42,34.2
2.658619925799015,-19.98785940248066,5.46,34.2
2.6584249150886095,-19.98799554805426,3.89,34.2
2.6164794933038884,-19.934075820964786,2.99,34.2
2.4844295975737074,-19.70540234946681,3.27,34.3
2.3437685211032147,-19.502575779690154,3.07,34.3
2.2598217269963863,-19.277092671355746,3.37,34.3
2.1017984832265055,-19.067725872509925,3.85,34.3
1.9340737000954196,-18.870137172202902,3.40,34.3
1.7316772666652946,-18.65697479357023,3.44,34.4
1.672341380580077,-18.589074671737556,3.45,34.4
1.6410242855217048,-18.593838199130506,3.50,34.4
1.2747558106466128,-18.53921208926375,5.33,34.4
0.8768061923358106,-18.6257901340159,4.16,34.5
0.5597597802566567,-18.79750635503337,1.40,34.5
0.35627636416103137,-19.146691208861263,3.02,34.5
0.378621244934255,-19.52073207270004,3.34,34.5
0.5509157810178356,-19.91716781717384,1.84,34.5
0.771912477748498,-20.23177749891363,1.82,34.5
0.9713171651517456,-20.571253984103944,3.35,34.6
1.0614535250330777,-20.810784696482195,3.76,34.6
1.0672084645162694,-20.78211706728823,4.03,34.6
1.0529898893193894,-20.779497735588667,3.50,34.6
0.8862743931632497,-20.64674000918606,3.61,34.6
0.6583944039928102,-20.33033619744841,3.34,34.7
0.43964524096769875,-20.016772070713685,3.15,34.7
0.19001589931751806,-19.69815630286466,3.26,34.8
-0.09952172220415623,-19.440765818933578,4.11,34.8
-0.5053670502144749,-19.35234732387775,3.36,34.8
-0.8801687797344719,-19.416339225175427,3.26,34.9
-1.2383638265728956,-19.563772069128426,4.52,34.9
-1.5806219517592193,-19.724678507932904,2.98,35.0
-1.9423546769067936,-19.88236115809929,3.48,35.0
-2.307064684820772,-20.09061059364972,5.05,35.0
-2.670176533556131,-20.297268157355788,3.94,35.0
-3.0156314817313383,-20.488656632813377,4.34,35.1
-3.3598503163556774,-20.682239553908857,4.74,35.1
-3.6777098926451117,-20.896833338812396,3.81,35.1
-3.9811140748997946,-21.14168929728908,10.2,35.2
-4.187213600309105,-21.473003915626784,1.39,35.2
-4.168114164536677,-21.872125425135913,2.99,35.2
-3.9886869062377834,-22.22953141422796,2.83,35.2
-3.7771771879664993,-22.56223544237072,2.96,35.2
-3.698637026497347,-22.69243347366861,3.28,35.2
-3.7039520214446604,-22.67413773165042,3.11,35.2
-3.7237356598660334,-22.690795257282588,3.24,35.2
-4.005092692777081,-22.90211673375014,6.39,35.2
-4.313144903325682,-22.740302318181676,2.73,35.2
-4.538991703519287,-22.444639462800705,3.40,35.3
-4.711932733859223,-22.10155416591148,3.51,35.3
-4.878998717029171,-21.715304179074643,3.43,35.3
-4.956210344365406,-21.346865954247484,3.19,35.3
-4.942795240265392,-20.986099878612634,3.24,35.3
-4.9821156654919,-20.61180779297406,3.46,35.4
-5.17537629801026,-20.283405983383954,2.90,35.4
-5.370474034951375,-19.957375832382603,3.36,35.4
-5.571226952889871,-19.61340755829419,3.32,35.4
-5.761532307936981,-19.269188520179448,3.78,35.4
-5.785744762655325,-19.236824588406137,3.39,35.4
-5.781381921110325,-19.24383740144306,3.00,35.5
-5.613097931715094,-19.435967477837856,1.79,35.5
-5.527078180385499,-19.584280844268157,3.65,35.5
-5.422146211035774,-19.82146440946873,4.65,35.5
-5.320375469168645,-20.065328499391878,3.43,35.5
-5.297954738296758,-20.314141687741458,1.46,35.5
-5.291138101295978,-20.354343512627253,1.47,35.5
-5.139810489597351,-20.265161465990573,3.41,35.5
-5.009664371453074,-20.279145017583055,6.18,35.5
-4.725101303636123,-20.33683248828528,1.46,35.5
-4.35932606713024,-20.1846835882953,3.38,35.5
-4.018237360081377,-20.02071175936285,3.42,35.6
-3.656648795760719,-19.858050558385344,6.34,35.6
-3.38187500292776,-19.608761713170168,2.89,35.6
-3.3839345571360093,-19.201880579883444,1.46,35.6
-3.4953316928889584,-18.819412889715316,2.70,35.6
-3.6396480804455686,-18.448491231032683,2.63,35.6
-3.83703253511079,-18.12406696860718,3.50,35.6
-3.9790377328894646,-17.727326386129953,2.82,35.6
-4.153892748662525,-17.395439597163048,2.04,35.7
-4.255605981062528,-17.24375147872398,1.64,35.7
-4.270311330390241,-17.28911419183128,3.47,35.7
-4.191342843454247,-17.237622099218044,3.04,35.7
-4.133403689082861,-17.228690475257785,3.29,35.7
-3.9736774814371234,-17.530519877258495,2.96,35.7
-3.8530990028643144,-17.89509678911046,3.36,35.7
-3.668829954229394,-18.25092647421917,1.34,35.7
-3.5149262245816653,-18.582372725961797,2.71,35.7
-3.3723233674198383,-18.91723220844227,1.40,35.8
-3.2697271665344525,-19.28859671785633,2.63,35.8
-3.1188458589507126,-19.64869472490851,2.58,35.8
-2.9361459483475905,-20.030521799885314,2.83,35.8
-2.734220736702846,-20.360453725356642,3.36,35.8
-2.515920570677852,-20.668551425585967,3.51,35.9
-2.51464199688185,-20.669792615780437,2.97,35.9
-2.413238894394836,-20.78034795600339,2.73,35.9
-2.4896396982190465,-20.749469892449486,1.72,35.9
-2.7287131178331423,-20.649719792744513,4.31,35.9
-2.7225922461395937,-20.621958857111892,3.50,36.0
-2.6140185260472624,-20.570888017926983,3.19,36.0
-2.394749428273917,-20.263374275920015,3.28,36.0
-2.151548924922839,-19.955474152243497,2.81,36.0
-1.8051413989670901,-19.739451135995623,9.74,36.0
-1.468364649407427,-19.54642143573262,1.75,36.0
-1.1069673962597433,-19.4145703359625,1.60,36.0
-0.7496324015042315,-19.280510220423903,4.26,36.0
-0.3848695055863618,-19.3435123841266,2.61,36.0
-0.08946335213191459,-19.590977088983177,1.45,36.1
0.15730446654756447,-19.882264053482345,2.94,36.1
0.3433803914704764,-20.21436684824119,2.84,36.1
0.5595948144853549,-20.548046316324275,2.91,36.1
0.837643379008902,-20.812668230167045,2.47,36.2
0.9309513028944846,-20.853200887984585,11.5,36.2
1.037988144868594,-20.799036122844814,4.16,36.2
0.9678533751255745,-20.501519227143838,4.44,36.2
0.7544305572071109,-20.163949485815863,3.41,36.2
0.5660383403813163,-19.822352777244568,3.39,36.3
0.3769942643598927,-19.46722187769797,4.46,36.3
0.3364400548385984,-19.07917863524657,1.25,36.3
0.5636318263109747,-18.792016178667097,1.39,36.3
0.9152109476982835,-18.624072813491747,2.96,36.3
1.2921989132898068,-18.541219931288676,3.03,36.3
1.6457870915861275,-18.65820698679769,1.93,36.3
1.9010982738661308,-18.962977677291473,1.46,36.4
2.0823039431124224,-19.29288898670307,1.74,36.4
2.26190935178443,-19.63789172762349,2.66,36.4
2.497479081313542,-19.953629133022933,1.25,36.4
2.5943952563026276,-20.094528125525926,1.37,36.4
2.4968918330826297,-20.186716442266878,3.37,36.4
2.47945754272043,-20.137232998889218,4.19,36.5
2.487595034800843,-20.132893898385348,3.60,36.5
2.4867340290620845,-20.13448468371937,5.01,36.5
2.4867340290620845,-20.13448468371937,1.38,36.5
2.4867340290620845,-20.13448468371937,1.25,36.6
2.4867340290620845,-20.13448468371937,2.82,36.6
2.4837899652517343,-20.13524697202303,3.78,36.6
2.4325363577994654,-20.249210023800966,2.91,36.6
2.8807378500038765,-20.17643767118788,0.972,36.7
2.884760908702135,-20.175325323536146,5.80,36.7
3.140136217853695,-20.00983165760423,1.75,36.7
3.2584638100631547,-19.678696481629423,5.30,36.7
3.1882025337244393,-19.28816563975645,2.97,36.7
3.159483942738725,-19.05410568336325,14.6,36.7
3.160557629563809,-19.055657968496746,3.75,36.7
3.1605576295638085,-19.055657968496742,3.07,36.8
3.160557629563809,-19.055657968496746,3.06,36.8
3.1605561715361725,-19.055737669133684,1.38,36.8
3.1605561715361725,-19.055737669133684,4.92,36.9
3.1605561715361725,-19.055737669133684,2.87,36.9
3.1605561715361725,-19.055737669133684,3.75,36.9
3.160556171536172,-19.055737669133684,3.47,36.9
3.1605561715361725,-19.055737669133684,4.03,36.9
3.1605561715361725,-19.055737669133684,3.03,36.9
3.1605561715361725,-19.055737669133684,4.52,36.9
3.1605561715361725,-19.055737669133684,3.47,37.0
3.1605561715361725,-19.055737669133684,3.05,37.0
3.115995723938064,-18.778949918733005,3.00,37.0
3.0563823686469336,-18.389957062224617,5.30,37.0
3.127101848381457,-18.01351546636785,35.6,37.0
3.3589847349507975,-17.69751150138515,3.03,37.0
3.704277153148694,-17.557464046194937,12.1,37.1
4.059881945056074,-17.483467491009904,3.09,37.1
4.39397790653887,-17.557781853265574,3.03,37.1
4.6588611888277685,-17.824513697512693,6.57,37.1
4.779323883928958,-18.156202268880463,5.81,37.1
4.892920221537217,-18.517464677785938,12.7,37.1
4.927440841546675,-18.610882020680588,2.77,37.1
5.112702883739282,-18.48772907906911,3.02,37.1
5.122303027147595,-18.14484611253092,11.9,37.1
5.104164722020635,-17.77656811471948,5.16,37.1
5.227699482211065,-17.534403456533024,3.10,37.2
5.2515543527191415,-17.157771509696687,1.63,37.2
5.050004839030522,-16.825259436896378,11.3,37.2
4.814761064448909,-16.59289647682688,8.73,37.2
4.154780091688583,-14.821836491671394,3.11,37.3
4.415190172485524,-14.660563220367614,3.10,37.3
4.799573425990014,-14.636910486036037,3.17,37.3
5.17545568572954,-14.693476687807076,4.03,37.3
5.47495755284057,-14.877822017372687,2.85,37.3
5.775904578480686,-15.057666967490439,4.03,37.3
6.041122115749854,-15.218884982125623,4.17,37.3
6.039794234412845,-15.219384162146348,12.2,37.3
6.053922995116913,-15.223086027499878,4.27,37.3
6.287024374882938,-15.230376237243535,3.68,37.3
6.423410312472395,-15.215589111012543,1.25,37.3
6.673936913905141,-15.365296751688401,3.28,37.3
7.415497225786652,-17.75342183327645,3.81,37.4
7.5482037287707815,-17.536406243691633,56.1,37.4
7.416616573462472,-17.181105988220587,5.55,37.4
7.214668979952908,-16.835558690793334,3.32,37.4
7.086285587332515,-16.48011493643211,34.5,37.4
7.159303924106997,-16.143794589073988,1.40,37.4
7.39811456091163,-15.83836063537374,3.78,37.4
7.731373118168111,-15.574603039192521,22.4,37.5
10.435601776834467,-16.385115638540874,1.39,37.5
10.804912495338677,-16.34301458826015,2.27,37.5
11.153842537945666,-16.18922663843405,6.72,37.5
11.466672703909513,-15.991766726781158,3.34,37.5
11.770727063640464,-15.799050838881854,2.84,37.6
12.000508460754375,-15.608082571811769,2.92,37.6
12.020372885259675,-15.633480441713875,1.28,37.6
12.00369101307544,-15.656017996487003,3.36,37.6
12.02087612240321,-15.626810299223191,1.42,37.6
11.989015285825737,-15.614101836698008,2.84,37.7
11.98849270218582,-15.623530115251675,1.33,37.7
11.881459853925207,-15.699692117997282,1.40,37.7
11.576670645381782,-15.925581775666256,1.22,37.7
11.226918987290562,-16.13843525745094,2.91,37.7
10.90447543596913,-16.341000446528408,2.82,37.7
10.506949328126552,-16.460330547081025,1.40,37.8
10.177731695564173,-16.42510479626661,2.94,37.8
9.847724984511014,-16.222261565267676,2.90,37.8
9.603952689007007,-15.89654230907686,2.86,37.8
9.444719642438944,-15.541448762034626,4.28,37.8
9.300529054044858,-15.134360626302989,2.52,37.8
9.12927235541002,-14.764364341849788,3.02,37.8
9.05545972991111,-14.381144423910584,1.35,37.8
9.211023259319239,-14.037920441479656,1.37,37.8
9.349785312271042,-13.9580618365611,3.24,37.8
9.349093144423096,-13.958495992179493,3.58,37.8
9.421168685026448,-13.940947675433563,2.78,37.9
9.766296494805278,-13.81871550363623,1.36,37.9
10.149755134519314,-13.848387332645745,2.80,37.9
10.47080113765722,-13.701551212554223,3.21,37.9
10.60926192502459,-13.64815120297245,2.90,37.9
10.613046193120244,-13.644790062531525,2.53,37.9
10.792414567734351,-13.573553897752117,4.37,37.9
10.991036178498327,-13.418395689048836,2.73,37.9
10.966105504853822,-13.42992771011483,3.02,37.9
10.896739498407978,-13.306621756906036,1.35,38.0
8.667172865753884,-13.797907327833858,1.37,38.0
8.665687361257923,-13.7961730119826,2.82,38.0
8.664217518524957,-13.795708872510772,2.65,38.0
8.663989823152253,-13.798037303099484,2.82,38.0
8.663989823152253,-13.798037303099484,2.50,38.0
8.614494050301381,-13.765521992953637,1.18,38.0
8.511860026709154,-13.561784823312848,2.44,38.1
8.368692412286137,-13.196977297140165,2.58,38.1
8.28763740595281,-12.818036822105302,2.97,38.1
8.227032348637463,-12.423763896102134,4.11,38.1
8.141967197478753,-12.045911815155673,2.73,38.1
8.079293369272115,-11.897891499859824,2.83,38.1
8.082687324193621,-11.863896101942768,1.57,38.1
8.091632349062102,-11.863184078857564,2.88,38.2
8.068477387229548,-11.872036628110983,2.64,38.2
8.058165078129234,-11.877197261076038,1.35,38.2
8.062208821851513,-11.873246766584455,2.88,38.2
8.029365571851445,-11.705372075847926,2.88,38.2
8.14446085898189,-11.36870263081878,2.70,38.2
8.383511321921006,-11.149886225013088,2.85,38.2
8.368289280267476,-11.09437261838984,2.56,38.2
8.347731440719494,-11.000232037996469,2.57,38.2
8.393106866393424,-11.002660733912398,2.45,38.2
8.080418493075527,-11.189855803352273,1.33,38.2
7.87919099432901,-11.513661431859163,2.87,38.3
7.90868856629066,-11.865168569045235,2.91,38.3
7.994469083565036,-11.970109206408853,1.57,38.3
8.03694460760475,-12.175539443539387,2.78,38.3
8.075476329907524,-12.291458326959656,1.38,38.3
8.102711958070548,-12.396527987726508,3.32,38.3
8.116289577090555,-12.432237338307335,2.87,38.3
8.157586572439303,-12.590842754547552,2.82,38.4
8.242583961104632,-13.01703322942306,1.46,38.4
8.345897450738903,-13.398916521155016,1.34,38.4
8.243565981918088,-13.739799214728336,2.83,38.4
7.938982564374406,-13.966169296719325,3.79,38.4
7.592168683220855,-14.120101469118383,3.28,38.4
7.517668629849014,-14.146389559792638,4.71,38.4
7.388674512993791,-14.22840237721216,2.58,38.4
7.014284282831234,-14.268193811415717,2.98,38.5
6.615015559493308,-14.277219418912441,2.87,38.5
6.233591565937557,-14.23830940492756,1.31,38.5
5.879022596272645,-14.063681159981865,1.76,38.5
5.520989505344202,-13.894608248146728,2.88,38.5
5.304548541605975,-13.810465643997366,2.86,38.5
4.943062359964308,-13.755728850284028,6.52,38.5
4.689603977982324,-13.73108100829298,3.14,38.5
4.499675601489383,-13.715501347871184,2.85,38.5
4.378379332514328,-13.714946265384114,2.95,38.6
4.229755860375558,-13.830719434836077,1.65,38.6
4.1366447567692965,-13.843062269388469,2.50,38.6
3.783371892677705,-13.863597888391627,12.0,38.6
3.490260598089037,-14.08783228160383,2.52,38.6
3.232946832853626,-14.377361462717634,2.55,38.6
3.038157935622916,-14.663703241291927,2.80,38.6
2.928820554571388,-15.031305711989432,2.87,38.6
2.6457549561740556,-15.323164347555396,2.88,38.7
2.2885755986146314,-15.309212947854029,2.87,38.7
1.9135304602608585,-15.176199895119264,1.33,38.7
1.5256905816322082,-15.033256387692942,2.90,38.7
1.209836150969526,-14.827639427326732,2.97,38.7
0.9324644801146036,-14.574360665680095,2.86,38.7
0.7099621849809772,-14.276823671615308,1.52,38.7
0.5438405702678253,-13.926366920379166,2.91,38.8
0.39184253120826185,-13.572950537340795,3.36,38.8
0.517256473889578,-13.236931394949568,2.95,38.8
0.6209027937395106,-13.117461373923799,2.49,38.8
0.7866876789584474,-12.929475853638117,2.93,38.9
1.128447975876533,-12.716551572502597,13.4,38.9
1.4588661029090595,-12.53830929648963,2.88,38.9
1.7940134253709772,-12.38011240213251,2.81,38.9
2.1539421152067533,-12.253000875640012,5.69,38.9
2.438758974830467,-12.174858291492015,2.75,38.9
2.5920257958506348,-12.120525793770458,2.87,38.9
2.6542532862511123,-12.09448718040162,1.47,38.9
2.95644590787564,-12.00765241960961,2.95,38.9
3.253568204189044,-12.01148656567186,1.36,38.9
3.573040510327939,-11.804850789811116,2.84,38.9
3.801796001538939,-11.504801848609572,2.77,39.0
4.017239159567374,-11.236140724844846,2.62,39.0
4.033485269336367,-10.836867776899526,2.76,39.0
3.9499648539988534,-10.498604573894905,2.52,39.0
3.8769062597380923,-10.121119440734487,2.30,39.0
3.8002108975722173,-9.72528728075823,3.06,39.0
3.679776679174317,-9.380448961292052,2.90,39.0
3.663631865220271,-9.046316947166101,1.29,39.0
3.7433828908957487,-8.708728783698705,2.65,39.1
4.038571334617924,-8.473298618817198,2.86,39.1
4.298008385612082,-8.210812676805402,2.86,39.1
4.542960749702797,-7.922674622425056,1.28,39.1
4.5797637435162635,-7.554019353331695,1.28,39.1
4.4555393674165344,-7.205407854205763,4.65,39.1
4.288143387428903,-6.8743117149729365,1.28,39.1
4.105414616355127,-6.5479051906095265,1.32,39.2
3.916708261489859,-6.213766936814058,5.33,39.2
3.9253990218604535,-6.2210067073771596,1.50,39.2
4.0420445332663455,-6.439332305902985,2.58,39.3
4.15289978279549,-6.678987061043868,2.60,39.3
4.275818550464113,-6.9312266706938495,1.38,39.3
4.37813524545815,-7.1711032883369015,2.86,39.3
4.465024447637521,-7.427121461543166,1.76,39.3
4.46333612368835,-7.6878587029897485,3.21,39.3
4.333131496096847,-7.919206859323344,1.31,39.3
4.299751003003472,-7.958671097819767,2.20,39.3
4.567750555293365,-7.841422648302332,3.07,39.3
4.9302479582297245,-7.738778012886465,2.86,39.3
5.31274182773101,-7.6609314470162175,3.22,39.4
5.636529673079679,-7.445636131841297,2.73,39.4
5.870230008881563,-7.146849719355352,2.90,39.4
5.886509199178093,-6.750981378395251,2.60,39.4
5.81311732557722,-6.547207268844144,1.27,39.4
5.613475334088079,-6.262112762050805,1.30,39.4
5.406114617807372,-5.949750964438673,2.53,39.4
5.201044024702814,-5.625556369675569,1.64,39.5
5.113517876586453,-5.492391483995331,1.37,39.5
4.928205290981715,-5.163863499608878,3.11,39.5
4.79592451384001,-4.825986226589728,3.02,39.5
4.692505238028009,-4.6547204086258365,2.75,39.6
4.8258060784812,-4.8471334027506074,2.91,39.6
4.958425688945798,-5.069461034684043,3.30,39.6
5.078093220602675,-5.276730718641192,1.41,39.7
5.225317488333662,-5.511361993855262,1.24,39.7
5.358656262642725,-5.723622909192745,2.84,39.7
5.473841400061005,-5.9485364908544,2.93,39.7
5.5951702565509365,-6.176226776081354,1.32,39.7
5.6966989293156125,-6.417961048656128,1.48,39.7
5.834625599544438,-6.64332843103981,2.45,39.7
5.986647146858946,-6.878197741268702,2.57,39.7
6.004309715945421,-7.1412491445986035,2.85,39.8
6.034907250407326,-7.11512974213889,1.32,39.8
6.254681547407081,-7.024415460903176,3.13,39.8
6.617960852794063,-6.987309334735583,2.88,39.9
6.944334243638849,-6.835215785693954,3.17,39.9
7.2427187761415865,-6.595523415544424,2.87,39.9
7.337065722620967,-6.416983047684678,3.80,39.9
7.321129304263859,-6.274884897332457,3.18,39.9
7.1825847877160065,-6.0397349454799425,2.81,39.9
7.109485536006101,-5.953195574957151,1.43,39.9
7.026334626451611,-5.635260461512132,1.28,40.0
6.8252623562310255,-5.303628935487179,2.41,40.0
6.645726333744971,-4.963989351654268,3.72,40.0
6.494459263215237,-4.660168619518256,1.16,40.0
6.456934688834476,-4.534383542558933,2.65,40.0
6.231224197733777,-4.247551440622907,2.83,40.0
6.338175135697462,-4.423183621129965,2.81,40.0
6.501342688101452,-4.635051984605374,3.72,40.1
6.6364415829500665,-4.853943309489514,1.41,40.1
6.748507943782037,-5.042566991489487,1.47,40.1
6.875393288170336,-5.308318480370843,2.99,40.2
6.966021478640041,-5.50996691623633,3.77,40.2
7.051018002739109,-5.75735893782138,1.31,40.2
7.102258788109754,-6.022583332689436,3.28,40.2
7.039563562530017,-6.353840499788831,7.19,40.2
6.896841834332243,-6.557144470575727,2.73,40.2
6.879152498910312,-6.579372362031631,2.48,40.3
7.251627687206451,-6.48565033995413,1.52,40.3
7.585165742135175,-6.770719797489502,2.52,40.3
7.771895256655753,-7.076289081591293,2.85,40.3
7.952042781507711,-7.389841330263614,1.82,40.3
8.124716278931881,-7.72260642218758,2.91,40.4
8.267251886016336,-8.069159247351866,2.86,40.4
8.427306447859525,-8.404438678965429,1.28,40.5
8.59686977891382,-8.72413758625392,1.39,40.5
8.62114840358668,-8.75048204449073,2.83,40.6
8.614483994783182,-8.744602845755848,3.33,40.6
8.558994899652511,-8.690867488988353,2.64,40.6
8.397580120350817,-8.38106959446683,1.33,40.6
8.27064770455879,-8.028654914738,3.34,40.7
8.11074544590269,-7.680026819649525,2.87,40.7
7.948965684800402,-7.352527787261144,3.42,40.7
7.769629428417851,-7.071864877225417,2.53,40.7
7.443802237259,-6.878696680414629,2.64,40.7
7.073721486256698,-6.889831707704891,1.85,40.7
6.7189467250061945,-6.994718563524305,2.83,40.7
6.408566894239705,-7.177569330599425,1.33,40.7
6.371167721251446,-7.544160762652314,2.88,40.7
6.4675575896662885,-7.909142403379272,1.39,40.8
6.612363244723198,-8.243720947136339,3.71,40.8
6.766390328497085,-8.587690642746303,1.35,40.8
6.956497199097807,-8.89275136878123,3.76,40.8
7.143908906499373,-9.206410984999595,1.34,40.9
7.326038266457012,-9.51364221837218,2.79,40.9
7.492938152829716,-9.872709236036677,1.55,40.9
7.468403709688108,-9.901274965579987,2.57,40.9
7.436573278603419,-9.878067838875081,1.35,40.9
7.434276799761914,-9.876567940935935,2.66,40.9
7.4180558862183545,-9.866846644526605,2.40,41.0
7.426980955201653,-9.850601468048827,3.00,41.0
7.407729069919803,-9.765189779922828,2.50,41.0
7.3608403547782295,-9.649102427063797,3.32,41.0
7.251802073561905,-9.41615097019049,2.86,41.1
7.117128478189546,-9.083897858776915,4.28,41.1
6.921872946068149,-8.78582326390024,1.32,41.1
6.749720983748679,-8.46202560742725,1.31,41.2
6.590313879357163,-8.14531837632497,2.84,41.2
6.188366251578749,-7.361505956355196,1.44,41.2
5.949620318801198,-7.056274043747548,2.89,41.2
5.611985841239168,-6.942132521867058,3.22,41.3
5.288439932614978,-7.07396037426501,5.52,41.3
4.99289648630565,-7.314065988490106,1.32,41.3
4.787791080349354,-7.640609933539458,2.55,41.4
4.744719228116988,-7.976707467936542,2.60,41.4
4.904789114588814,-8.326291016078084,2.86,41.4
5.107592798541871,-8.630197274004676,2.83,41.4
5.3234563447848195,-8.948847340165184,1.89,41.5
5.534175475079177,-9.26001365688246,2.94,41.5
5.687220729827381,-9.557428321793996,2.90,41.6
5.859118245260451,-9.956973989448125,2.83,41.6
6.004148910507205,-10.31331423761232,1.38,41.6
6.015497777142919,-10.325678778867369,2.91,41.6
5.993203895196473,-10.305529525649396,2.92,41.6
5.985554840794094,-10.310469118904667,2.78,41.6
5.992922641466819,-10.31445236086421,2.76,41.7
5.975772201680266,-10.272805679693644,2.63,41.7
5.837834934840606,-9.954222283029987,2.59,41.7
5.687227863596529,-9.623276349657713,3.73,41.7
5.496835330297316,-9.313436351975879,2.84,41.7
5.301401873832351,-9.001686608180279,2.68,41.7
5.1023445693405165,-8.673763613771797,3.31,41.8
4.937100196343266,-8.367517408209078,3.30,41.8
4.69818046275652,-8.069166422301114,2.90,41.8
4.40408882742646,-7.81494969759393,3.30,41.8
4.036601101776842,-7.877462652896258,1.36,41.8
3.768939917435036,-8.10138876526755,1.27,41.9
3.44396514892739,-8.303637062334744,2.74,41.9
3.1075977393095258,-8.470281812042197,1.51,41.9
2.7395923743178976,-8.527590348399798,2.87,41.9
2.4468957589506584,-8.353021501305037,2.87,41.9
2.177860388296967,-8.092448814371089,1.32,41.9
1.9201070415893042,-7.818300745326518,2.61,41.9
1.6717608902916012,-7.514631409870168,2.32,41.9
1.4484881982682332,-7.196934508388502,2.58,41.9
1.293306298288595,-6.885863497649947,1.38,41.9
1.2918077785760431,-6.882103607806577,1.27,41.9
1.2933831652307326,-6.881296334466729,4.20,41.9
1.2922434782526544,-6.881880342786484,2.91,42.0
1.2794951833994084,-6.855525117684078,1.29,42.1
1.2802033044083672,-6.854644340512667,2.84,42.1
1.283220330385804,-6.858050889914676,2.85,42.1
1.2821823863321526,-6.8585824262166675,2.83,42.2
1.2831216610436407,-6.85810141897457,1.38,42.2
1.2831216610436424,-6.85810141897457,3.07,42.2
1.1182304714777231,-6.518929931864692,7.88,42.3
0.9263605811693125,-6.298437171420364,2.61,42.3
0.7800864674568242,-5.955179881499777,1.85,42.3
0.564268312911679,-5.6646826264133985,1.64,42.3
0.558679619243506,-5.610778427005954,2.26,42.3
0.5590414736231892,-5.621709077629216,9.36,42.3
0.5589398059697963,-5.5777666680953395,2.08,42.3
0.5448337360060407,-5.551187893764338,2.82,42.4
0.2983226813615012,-5.424670403098576,2.89,42.4
0.31462238252381525,-5.024581481835709,2.82,42.5
0.2826068329732614,-4.638494483556146,1.27,42.5
0.2552150039035759,-4.246638995172955,2.92,42.6
0.2351319712685509,-4.135568544585375,2.63,42.6
0.1945756238721934,-3.882560698113929,2.99,42.6
0.15661872908719232,-3.5702288256992514,1.25,42.6
0.20530693579683046,-3.20469077939595,3.20,42.7
-0.010389750560486632,-2.8745802097589532,2.76,42.7
-0.009296210041981112,-2.688447203085973,2.53,42.7
0.017208121840383228,-2.677066203780786,3.47,42.8
0.06518230804157454,-2.5602577232248223,2.85,42.8
0.08892252017391655,-2.5773175674473396,3.43,42.9
0.08767837810504986,-2.577331546453541,2.85,42.9
0.07728179745141617,-2.6224246221725434,4.45,42.9
0.12180661992962172,-2.815156720164934,3.35,43.0
0.11125475565139453,-2.9203715516581816,1.25,43.0
0.09312404205403624,-2.815680553899867,3.34,43.0
0.117084050431977,-2.560692352186159,6.39,43.0
-0.24959004439165255,-2.2905150248037582,3.01,43.0
-0.33807176142693507,-1.9179144226939258,2.82,43.0
-0.46727762749493884,-1.7203647597548706,2.83,43.1
-0.4705868731852245,-1.7228869868127124,2.61,43.1
-0.4412995934069155,-1.8066070568868575,2.88,43.1
-0.4502143160976022,-1.820446391607815,3.89,43.1
-0.4597960770601599,-1.743898947609523,1.65,43.2
-0.3921215903369202,-2.114612995482693,1.74,43.2
-0.17347180999131417,-2.54313577891841,2.92,43.2
-0.07833300573308932,-2.9333857708239606,3.32,43.2
-0.017598277694260034,-3.1382680543603385,1.46,43.2
-0.010215483027256056,-3.1607582105418803,3.71,43.2
0.003774556233970827,-3.2059966933617137,2.87,43.2
0.7261176527322277,-3.7713263472151812,3.09,43.2
0.4962837696652507,-4.1042416579600935,2.86,43.3
0.1526395729576393,-4.203539806958511,4.14,43.3
-0.19512420008678077,-4.053930924046615,2.88,43.3
-0.5919856686274692,-3.929890535262949,2.55,43.3
-0.5871117500004139,-3.938422281699596,2.67,43.3
-3.2323771046280623,-4.341339561358927,3.28,43.4
-3.7189209677896997,-4.169763218320094,2.79,43.4
-4.09725574481492,-4.099514218409853,1.59,43.4
-4.40711081480802,-4.046213832575608,2.80,43.5
-4.776625306979199,-3.9669433305897073,2.94,43.5
-5.16750643611331,-3.8655675554775994,3.33,43.5
-5.377899511792386,-3.7765776651405005,2.99,43.5
-5.67695369644359,-3.593411608371002,3.71,43.6
-5.990202362444704,-3.395715095174384,3.33,43.6
-6.398534496822375,-2.8159467887816705,3.00,43.6
-6.43161386038609,-2.517869601576402,3.73,43.6
-6.249302652421804,-2.1476438138839384,3.56,43.6
-6.009424314541109,-1.7668331285116183,3.27,43.7
-5.765694147425847,-1.457151222806929,3.27,43.7
-5.427808316346196,-1.2867285000893585,3.31,43.7
-5.282330811135809,-2.0937599937301385,3.52,43.7
-5.0699691777144835,-2.12843050496339,3.33,43.7
-5.122149687094604,-2.1131913088817313,3.77,43.8
-5.424018704305363,-2.0992999835567616,3.72,43.8
-5.4516322400589825,-1.1096776559941874,3.08,43.8
-5.700464985991617,-0.9828709456927562,1.38,43.8
-5.828371124391644,-0.8908440082187052,5.55,43.9
-5.850440543249144,-0.9632898626266524,1.31,43.9
-5.917525592332398,-1.3099931319760865,3.27,43.9
-6.040090504794579,-1.6585796063221991,2.33,43.9
-6.1183836897715675,-2.026312057654838,3.56,44.0
-6.112186970557968,-2.4184186924556927,3.35,44.0
-5.968877420694641,-2.788469706459564,3.33,44.1
-5.70730109752143,-3.062851203015634,3.23,44.1
-5.331743517837001,-3.2252804981488854,3.42,44.1
-4.964338348937957,-3.3169321199796737,3.28,44.1
-4.6207862374739666,-3.4124646175391202,3.21,44.1
-4.245746412125598,-3.508907530313449,1.54,44.2
-3.8629273900320413,-3.621377161455138,3.27,44.2
-3.505946115304779,-3.7073754383341067,3.34,44.2
-3.265466877280181,-3.9593336938057426,1.34,44.3
-2.9379922404993266,-4.08749665790211,1.35,44.3
-2.7235507696489023,-4.160190703444504,2.95,44.3
-2.647855173488278,-4.185979085723812,2.99,44.3
-2.3366273462597356,-4.339765899108306,4.53,44.4
-1.9827209642470116,-4.4475611808201245,4.83,44.4
-1.9284479771462912,-4.492166874058254,3.67,44.4
-1.9284750597422438,-4.492159580462408,3.50,44.4
-1.9282070367735358,-4.492231761549289,3.21,44.4
-1.6991087173803052,-4.558689435941461,1.40,44.4
-1.3424813139862124,-4.670838025090465,1.58,44.5
-0.9517402947749645,-4.683270782287125,3.23,44.5
-0.579476521030255,-4.6229280451108385,1.32,44.5
-0.2511822192009703,-4.579775382360789,3.72,44.5
0.07749779880267127,-4.383716932983552,1.61,44.6
0.37271608699975545,-4.126424111226659,3.70,44.7
0.6220865818731411,-3.721904478193964,1.31,44.7
0.7822476940603309,-3.38627921149937,4.51,44.7
0.9542585866046132,-3.0776115813638336,2.03,44.7
1.0704321998234008,-2.733440687274186,3.17,44.7
1.1549795251713633,-2.3569662736411168,1.42,44.7
1.2801587545986202,-1.9885399092796217,3.96,44.7
1.4399875065044867,-1.6395620188874211,3.10,44.8
1.458415129854842,-1.0331318124813613,3.24,44.8
1.633792613143875,-0.7400435027447667,2.67,44.8
1.7896429468539417,-0.4010064094423491,3.72,44.8
1.9175279118943358,-0.0568191550323256,1.45,44.8
2.0726940648842955,0.28097342153442817,2.91,44.8
2.233073107180047,0.588707805657199,1.85,44.9
2.4191548380994625,0.8756111240818729,2.83,44.9
2.5725476790133612,1.2202256368312394,1.42,44.9
2.1862931948121727,4.532868702971477,3.21,44.9
1.8275703096286335,4.642355471098238,3.23,45.0
1.3454113980012323,4.728232323381121,1.24,45.0
0.9764384633759171,4.741033104642895,4.24,45.0
0.7319017171547486,4.686127526494419,4.58,45.0
0.7256379051712756,4.652978294455634,5.24,45.0
0.4955509084357814,4.603610693963347,2.83,45.0
0.18022507042323355,4.408400402352701,5.98,45.0
-0.12816016275359132,4.142946135785003,4.12,45.1
-0.20856725616864935,4.138613810970325,1.74,45.1
-0.15855487449618622,4.18362634310445,3.82,45.1
-0.20050918903277193,4.189175057928452,3.60,45.1
-0.1662633314031865,4.108204677151251,3.69,45.2
-0.08748397526899154,4.136119247969525,3.27,45.2
0.11526675742488024,4.332381804943447,3.77,45.2
0.2773534199715506,4.69008380804598,3.77,45.2
0.6016548677777891,4.843284812753506,3.69,45.2
0.9480685564501172,4.978644965911288,3.78,45.3
1.2228915593578904,5.28463922504608,2.20,45.3
1.3700820857508198,5.615544870039001,3.72,45.3
1.521213910787985,5.96890889459627,1.63,45.3
1.670727994664368,6.320983546807538,3.36,45.3
1.8138295458143396,6.677577381623793,2.94,45.3
1.772095403593255,7.010841528868749,3.00,45.3
1.6547681129763845,7.089028787387706,3.10,45.4
1.310840193687266,7.226653949990828,3.31,45.4
0.9785630731436541,7.385589606709427,3.30,45.4
1.078180205392755,7.3388510794966155,1.39,45.4
1.3091790207969325,7.228405298822228,3.32,45.4
1.5616978827536485,7.101628545540704,3.93,45.4
1.8022252880377678,6.997379223390579,3.28,45.5
1.8282961128650008,7.004690183568284,2.65,45.5
1.8154416830165552,7.0108291832614675,3.92,45.6
1.8627699019353336,6.984690131208616,3.29,45.6
2.105044383579525,6.817316595975319,3.69,45.6
2.337443114074638,6.459791104744506,3.37,45.7
2.522261420687194,6.3038835200356615,3.80,45.7
2.7984804967655172,6.310675838898883,5.77,45.8
3.145620144833675,6.409597059378038,2.98,45.8
3.516498353158731,6.469476607860205,3.37,45.8
3.920762760460722,6.408764904878778,3.05,45.8
4.320196086755722,6.305355191462667,3.95,45.9
4.677811075881035,6.195130820931544,3.31,45.9
5.0366002073080125,6.059268116877041,3.35,45.9
5.42613759670353,5.904221679831373,3.27,45.9
5.757395500322229,5.734898516185021,3.27,45.9
6.115618586732797,5.58856424409767,4.16,45.9
6.494808647471974,5.4866289270428705,3.09,45.9
6.869578491010213,5.334571825269249,3.00,45.9
7.146526745398937,5.090868222338441,7.39,46.0
7.082703648053737,4.7330946903068725,2.57,46.0
6.743913249189216,4.595568821973812,2.51,46.0
6.442551410451156,4.661494126780594,3.05,46.0
6.338845778891372,4.531353304646501,3.19,46.1
6.292886077061379,4.261970502862379,1.48,46.1
6.140934248353101,3.8714189072268272,3.98,46.1
5.957586236233869,3.5207408667293265,3.62,46.1
5.727786236984258,3.2157258397672486,3.30,46.2
5.515355985769379,2.89060760588457,3.39,46.2
5.346759372429428,2.544951929539117,1.33,46.2
5.430014732812413,2.1084609866505346,3.71,46.2
5.738578957747553,1.85839390241882,1.88,46.4
5.6156476131509265,1.912264817022221,4.49,46.4
5.368398993059934,2.017997245867573,1.36,46.4
5.301922780580661,2.018131747572795,4.79,46.4
5.308737366858757,2.000897066936963,4.33,46.4
5.314150330184788,2.022109324422919,3.52,46.4
5.10055902049109,2.1388392661811757,1.37,46.4
4.715146110693233,2.167915438080632,1.37,46.5
4.3676757750796895,2.204853793695456,1.37,46.5
3.9896884493232463,2.2596176015602634,3.44,46.5
2.611431657832753,2.205787621651236,1.32,46.5
2.3533276227611566,2.0280534262901764,3.76,46.6
2.455751639094295,2.2521607677641438,3.83,46.6
2.5711377326082676,2.5427708501241852,4.14,46.7
2.64564228380895,2.723338577520452,3.78,46.7
2.55584961144487,2.7425803639399264,3.17,46.8
2.3843546754689733,2.807547678506955,3.24,46.8
2.20141838869662,3.050703387493397,5.44,46.8
2.196714466236674,3.427398661672842,1.37,46.8
2.2940199018189453,3.708255456356026,3.01,46.8
2.381534296067798,3.743730596952094,1.32,46.8
2.680994167799863,4.008859861291635,2.99,46.9
3.044175047794237,3.991318753639092,3.30,46.9
3.4021510419077465,3.856163756254091,3.73,47.0
3.7519270523692683,3.7067778256252186,13.6,47.0
3.9417951225584886,3.5610470240242753,1.82,47.0
3.9476074723712316,3.5652277772676504,3.26,47.0
3.6884095700327677,3.4594454212662944,3.50,47.0
3.3049997931123976,3.411297195410114,3.37,47.1
3.1604629793418404,3.4028960820621634,3.35,47.2
3.160760758333076,3.400507127774569,3.40,47.3
3.1536383960937755,3.3963008728049724,4.07,47.3
2.77890713159384,3.273555212817757,3.73,47.4
2.406515244469464,3.29618908368347,3.28,47.4
2.0271116503243647,3.0122461483560916,2.93,47.4
1.6993996477603233,2.9771638348007965,1.35,47.4
1.393543121175366,2.7659950080025224,1.49,47.4
1.189801143770584,2.513124918381923,4.00,47.4
0.8967010473843224,2.2163313703148617,3.72,47.4
0.6590804613834145,1.9381684788174098,3.30,47.5
0.3993964202029012,1.743940500555123,4.44,47.6
0.19178116280462731,1.514112390713633,3.24,47.6
0.19133586382262635,1.513674288252549,3.70,47.8
0.006394471056246687,1.3092184131585514,3.07,47.8
-0.32937822134169537,1.2061397895354729,1.48,47.8
-0.6769123586025785,1.0010777298257718,3.28,47.8
-0.8375578817536571,1.1661364606979756,3.37,47.9
-0.8380141524298494,1.167526129796637,1.30,48.0
-0.9848145183976946,1.1002665132138043,3.31,48.1
-1.015181176504619,0.7525171902722683,3.25,48.2
-0.803859462308413,0.504527082833083,3.41,48.3
-0.5707693225540353,0.294645361138393,10.5,48.3
0.02616904933589126,-0.2185303910292049,4.01,48.5
0.3417021754361542,-0.6138313217268232,2.17,48.6
0.4751897790746966,-1.1022556437159636,1.85,48.7
0.4657270015830157,-1.525147621422116,3.86,48.7
0.21542346510091193,-1.7655477823557781,3.20,49.3
0.004234937233174918,-2.0286722050515964,3.70,49.5
-0.22168873603252592,-2.3067910084310608,3.29,49.9
-0.07753932694117793,-2.2160847175691822,7.72,50.2
-0.12920621530081533,-2.2358812553589305,4.13,50.5
-0.06024354239536578,-2.2708329684264923,1.54,50.9
-0.06757417265569998,-2.2702462231686695,3.71,51.1
-0.013739172233862007,-2.2748744524835276,2.93,51.2
0.0743111508330685,-2.2311103190311554,2.59,51.3
0.3083951292940732,-2.1244504557030828,5.27,51.3
0.5461924150455104,-2.0415610712651517,3.99,51.3
0.8022442989383087,-1.9914866542146399,1.27,51.4
1.0751294608463873,-2.037508506342011,3.30,51.5
1.1333123444515394,-2.0836561891003456,3.65,51.7
1.1638739566118446,-2.0886327381577727,3.26,51.9
1.1728123636869086,-2.0732906379457976,4.39,52.0
1.2300670775151197,-2.0003962574245477,7.33,52.2
1.2693606219260403,-1.914891689163623,3.29,52.3
1.3495273058615709,-1.829662826276115,4.56,52.5
1.4298293310635515,-1.5089331581674053,5.45,52.5
1.492898734763635,-1.3100347769029472,2.28,52.6
1.4910846814028993,-1.3150202938442952,3.28,52.8
1.4986847584415415,-1.2790645930764661,4.04,53.2
1.4895353068156147,-1.2624707592373916,3.83,53.5
1.4900403489046496,-1.262285881369408,3.49,53.6
1.4900403489046496,-1.262285881369408,3.86,53.6
1.4723237337807689,-1.258059694103661,8.52,53.9
1.442160959506971,-1.3146936990855682,3.63,54.0
1.5128502259611523,-1.3240447984980026,5.76,55.0
1.6311987482934498,-1.2546744770376392,4.50,55.6
1.6315006446678062,-1.2546068438231455,4.11,55.7
1.6406868719110044,-1.2379476304754178,3.22,55.8
1.6503304769691418,-1.2337262469766532,6.69,56.0
1.7480576171683992,-1.1968239363425361,3.16,59.3
1.90454662026508,-1.1042932961010479,6.33,62.4
1.9362021482914251,-1.0879647634190999,2.85,62.7
1.6751873221843994,-1.1693887143722659,3.31,89.7
1.490810901871214,-1.3536066989628956,2.64,120
1.3296962778736763,-1.541764999391809,2.76,130
1.1025026153131279,-1.6845803145156673,2.51,132
0.9023125489057584,-1.8093106468113707,1.40,172
0.6497481744341371,-1.8031976827725043,2.88,175
0.46896609125136024,-1.7470447417639257,3.21,181
0.458451670886042,-1.7584589421666568,1.28,186
0.4552386169751337,-1.760989050194361,3.84,189
0.4540258663274557,-1.7673720579035752,2.80,193
0.4550741918721428,-1.7634648620586226,1.33,219
0.4578557599281332,-1.7592869872869912,1.41,289
